"","childid","to1","to2","to3","to4","to5","se1","se2","se3","se4","se5"
"1",101,4,3,2,4,4,1,2,3,3,2
"2",102,4,3,3,4,4,1,2,2,2,2
"3",103,4,4,3,4,4,4,2,4,2,2
"4",104,4,4,3,4,4,2,3,4,2,2
"5",105,3,4,3,4,3,2,2,4,2,2
"6",106,3,3,3,4,3,4,4,4,2,2
"7",107,4,4,4,4,4,4,4,4,2,2
"8",108,4,3,3,4,4,3,3,3,2,2
"9",109,4,4,4,4,3,4,4,4,2,2
"10",110,4,3,3,4,4,3,3,3,2,2
"11",111,4,4,3,4,3,3,3,3,2,2
"12",112,4,4,3,4,4,3,3,3,2,2
"13",113,4,3,3,4,4,3,3,3,2,2
"14",114,4,3,3,4,4,3,3,3,2,2
"15",115,4,3,4,4,4,4,4,4,3,2
"16",116,4,4,3,4,3,4,3,4,3,2
"17",117,3,3,3,4,3,3,3,3,2,2
"18",118,4,4,4,4,4,4,4,4,3,2
"19",119,4,4,4,4,4,3,2,3,2,3
"20",120,4,4,4,4,4,2,2,3,3,3
"21",121,4,4,4,4,4,3,3,3,3,2
"22",122,4,4,4,4,4,3,3,3,3,3
"23",123,4,3,3,4,3,2,2,3,2,3
"24",124,4,4,4,4,4,3,3,2,3,2
"25",125,4,4,4,4,4,3,2,3,3,3
"26",201,1,2,2,2,2,2,2,3,2,3
"27",202,4,4,3,4,4,4,2,3,2,2
"28",203,4,3,4,4,3,2,2,2,4,4
"29",204,3,3,2,4,3,3,2,2,2,2
"30",205,4,4,3,4,3,3,2,2,3,3
"31",206,2,3,2,4,2,4,3,3,2,2
"32",207,4,3,3,4,3,3,3,2,2,3
"33",208,2,2,2,3,4,2,3,2,2,2
"34",209,2,1,2,3,3,2,3,2,2,2
"36",211,3,3,3,4,3,3,3,2,3,2
"37",212,3,3,3,4,3,3,2,2,3,3
"38",213,4,3,3,4,3,3,3,2,3,2
"39",214,4,3,3,4,3,4,3,3,3,3
"40",215,3,4,4,4,4,2,2,3,3,2
"41",216,3,3,3,4,4,3,3,3,2,2
"43",218,4,4,3,4,3,3,3,3,3,2
"45",220,2,2,2,3,3,2,2,2,2,2
"46",221,2,3,2,3,3,3,3,2,3,2
"47",301,4,4,3,4,4,1,1,2,2,2
"48",302,3,4,4,3,3,3,1,2,2,2
"49",303,2,3,2,4,4,2,1,2,3,2
"50",304,2,2,2,4,4,3,2,1,1,2
"51",306,4,4,3,4,4,3,2,2,3,2
"52",307,2,3,3,4,4,2,1,2,3,1
"53",308,1,1,1,4,3,2,1,2,3,2
"55",311,3,4,4,4,3,2,1,3,2,2
"57",313,4,4,4,4,4,2,2,3,3,3
"59",316,4,4,4,4,4,2,2,2,2,2
"67",401,4,4,4,4,4,3,1,3,3,3
"68",402,4,3,3,4,4,2,2,3,2,4
"69",403,3,2,2,4,3,2,2,2,2,4
"70",404,3,3,2,4,4,2,2,2,2,4
"71",405,1,2,2,2,2,2,2,2,1,3
"72",406,2,3,2,4,4,2,2,2,4,4
"73",407,3,3,3,4,4,2,2,2,2,1
"74",408,4,4,4,4,4,2,2,3,4,4
"75",409,2,2,2,4,4,2,2,2,2,4
"76",410,2,4,4,4,4,2,2,3,4,4
"77",411,4,4,4,4,4,2,2,3,2,4
"78",412,2,3,2,4,3,3,2,3,2,3
"79",413,4,4,4,4,4,4,4,4,4,4
"80",414,1,2,2,2,3,2,2,2,2,4
"81",415,4,4,4,4,4,3,4,3,2,4
"82",416,1,1,3,4,4,2,3,2,2,3
"83",417,4,3,4,4,4,4,4,3,2,3
"84",418,3,3,2,4,3,3,3,2,2,4
"85",419,4,4,4,4,4,3,3,3,2,4
"86",420,1,1,2,2,3,3,3,2,2,4
"88",422,2,4,3,4,3,4,3,4,2,3
"89",423,1,1,3,4,4,2,3,2,2,3
"90",424,3,3,1,4,1,3,4,3,2,4
"91",425,1,1,2,2,2,3,2,3,2,2
"92",501,4,3,4,4,4,3,3,3,2,2
"93",502,2,2,2,3,3,3,3,3,3,2
"94",503,2,3,2,3,2,3,3,3,3,3
"95",504,2,1,3,4,3,3,3,3,3,2
"96",505,2,2,3,3,2,3,4,3,1,2
"97",506,2,3,1,2,2,4,4,4,4,2
"98",507,1,2,3,4,4,4,4,4,2,2
"99",508,3,3,3,4,2,4,3,4,4,2
"100",509,2,3,2,1,2,4,3,4,4,2
"101",510,2,2,2,3,2,4,4,2,1,2
"104",513,2,2,2,2,2,4,4,4,4,4
"105",514,2,2,3,3,2,4,4,4,2,2
"106",515,3,3,2,1,4,4,4,4,4,4
"108",517,2,3,2,2,1,4,4,4,4,4
"109",518,2,2,2,3,3,4,4,4,4,4
"110",519,1,2,2,4,2,3,4,4,4,2
"111",520,1,2,2,2,2,4,2,1,3,2
"112",521,2,3,4,2,1,4,4,4,4,4
"113",522,2,2,3,3,4,4,4,4,4,3
"114",523,4,3,3,1,3,4,4,4,4,4
"115",524,2,1,4,3,3,4,4,4,1,2
"116",601,4,4,4,4,4,3,3,3,3,1
"118",603,4,4,3,4,3,2,1,1,3,4
"119",604,4,4,4,3,4,2,1,1,1,1
"120",605,4,4,4,3,4,4,3,2,2,2
"121",606,1,1,2,2,2,2,1,3,3,1
"122",607,4,4,4,3,4,2,1,1,4,1
"125",610,4,4,4,4,4,3,3,4,4,4
"126",611,3,4,3,4,4,3,1,3,4,3
"127",612,4,4,4,4,3,3,3,2,3,3
"128",613,4,4,4,3,4,3,1,3,1,3
"129",614,4,4,4,4,4,3,4,3,4,3
"131",616,4,4,4,4,4,4,1,3,3,4
"132",617,4,4,4,4,4,4,2,3,4,4
"135",620,3,4,2,4,4,2,3,1,4,1
"138",623,4,3,4,4,4,3,4,3,4,3
"139",624,2,3,2,4,4,4,3,3,4,3
"140",625,4,4,4,4,4,3,3,4,4,2
"141",701,3,2,3,4,3,4,2,2,2,4
"143",703,4,4,4,4,3,3,3,2,3,4
"144",704,4,4,4,4,4,3,2,3,2,2
"146",706,3,1,2,4,3,3,2,2,2,2
"147",707,4,4,4,4,4,3,2,3,4,2
"148",708,3,4,4,4,4,4,2,4,4,2
"149",709,3,2,4,2,3,2,2,2,2,2
"150",710,4,4,4,4,4,3,2,2,3,2
"151",711,4,4,4,4,4,2,2,3,2,2
"152",712,3,2,3,2,3,2,2,2,2,2
"153",713,4,4,4,4,4,4,4,2,4,2
"154",714,4,4,4,4,4,2,2,2,2,1
"155",715,4,4,4,4,4,4,4,4,4,2
"156",716,4,4,4,4,4,2,2,2,4,2
"157",717,3,4,4,4,3,4,2,2,4,2
"158",718,4,4,4,4,4,2,2,2,2,2
"159",719,4,4,4,4,3,2,1,1,4,1
"160",720,3,2,2,4,3,1,1,2,4,1
"161",721,4,4,4,4,4,1,1,2,3,2
"162",801,2,3,2,3,4,3,1,3,4,3
"163",802,4,4,4,4,4,3,2,3,3,2
"164",803,2,1,2,4,4,3,2,3,3,2
"165",804,2,3,2,4,4,3,2,2,3,2
"166",805,4,4,4,4,4,3,2,2,2,3
"168",807,4,4,3,4,3,2,2,3,2,2
"170",809,3,3,4,3,4,4,4,4,4,4
"173",812,2,2,2,3,4,3,2,3,2,1
"175",814,3,2,3,3,4,3,3,2,2,3
"176",815,1,1,2,2,2,3,3,2,3,3
"177",816,3,1,2,2,1,3,3,2,2,3
"178",817,1,2,2,3,2,3,2,1,2,4
"179",818,4,3,2,2,3,3,3,3,2,3
"180",819,3,4,4,4,3,3,2,2,2,3
"181",820,2,2,2,3,2,3,3,3,2,3
"182",901,2,3,2,4,4,3,2,1,2,1
"183",902,4,3,4,4,4,3,2,3,2,3
"185",904,2,3,3,4,4,2,2,2,2,2
"190",909,4,3,3,3,3,3,3,2,3,2
"191",910,3,3,2,3,3,3,3,2,3,2
"192",911,4,3,4,4,4,2,2,1,2,2
"193",912,3,3,2,3,3,3,3,2,3,2
"194",913,2,2,2,3,3,3,2,2,3,3
"196",915,3,3,3,4,4,3,3,2,3,3
"197",916,3,3,2,3,3,2,2,1,2,2
"198",917,4,4,4,4,3,3,2,2,3,2
"200",919,2,2,3,3,3,3,3,3,2,2
"201",1001,4,4,3,4,3,4,4,2,3,2
"202",1002,4,3,4,4,4,4,2,2,2,2
"203",1003,4,4,4,4,3,3,3,2,3,2
"205",1005,2,2,2,3,3,3,2,2,3,2
"206",1006,4,4,4,4,3,2,2,2,4,3
"207",1007,4,4,2,4,2,2,4,3,2,1
"208",1008,4,4,4,4,4,2,3,2,4,2
"209",1009,4,4,4,4,4,3,3,3,4,3
"212",1012,4,4,4,4,4,2,3,3,4,2
"213",1013,4,4,3,4,4,4,3,4,4,3
"214",1014,4,4,4,4,4,4,3,4,4,3
"215",1015,3,4,3,4,1,4,4,4,4,4
"216",1016,3,3,3,4,3,2,2,2,3,1
"217",1017,4,4,4,4,4,4,4,3,4,2
"220",1102,2,2,2,2,2,4,2,1,2,2
"221",1103,3,3,2,2,4,1,2,2,3,2
"223",1105,4,3,3,3,3,2,1,1,2,2
"224",1106,4,4,3,3,4,2,3,4,2,2
"225",1107,1,1,1,2,3,2,4,3,2,1
"227",1109,4,1,2,4,2,2,2,1,3,1
"229",1111,4,3,3,4,4,2,3,2,2,3
"230",1112,4,4,4,4,4,2,3,3,3,2
"232",1114,2,2,1,3,3,2,3,4,2,2
"233",1115,1,1,2,2,1,1,1,2,2,1
"234",1116,2,2,2,3,2,2,3,2,3,4
"236",1118,4,4,4,4,4,3,4,4,3,3
"237",1119,1,1,2,2,2,2,3,2,3,2
"238",1120,4,4,4,4,4,2,3,4,3,4
"239",1121,4,4,4,4,4,2,4,3,3,2
"240",1122,1,1,3,4,2,2,3,4,3,2
"243",1125,1,1,1,2,2,2,1,1,2,2
"244",1301,3,2,3,4,3,3,2,2,3,2
"245",1302,2,3,2,2,2,3,2,2,3,2
"246",1303,3,3,2,2,3,3,2,2,3,2
"247",1304,3,2,2,3,2,3,3,3,3,2
"248",1305,3,2,2,3,2,3,3,3,3,2
"249",1306,2,2,3,2,1,3,2,3,2,2
"250",1307,1,1,1,2,1,3,2,3,2,1
"251",1308,4,4,3,4,3,3,3,3,2,2
"252",1311,2,2,3,1,2,2,2,3,2,2
"253",1312,2,1,2,3,1,2,2,3,2,2
"254",1313,2,2,3,2,2,2,2,2,2,2
"255",1315,3,2,2,2,2,2,2,2,2,2
"256",1316,2,3,3,2,2,2,2,2,2,2
"258",1318,3,3,2,3,2,2,2,2,2,2
"259",1319,3,2,2,3,3,2,2,2,2,2
"260",1320,2,2,3,2,2,2,2,2,2,2
"261",1321,2,2,2,3,2,2,2,2,3,2
"262",1322,3,2,2,3,2,2,2,2,2,2
"263",1323,3,2,2,3,2,2,2,3,3,2
"265",1325,2,2,2,2,2,2,2,2,2,2
"266",1401,4,4,4,4,4,3,3,2,3,2
"267",1402,3,3,1,4,3,3,3,3,3,2
"268",1403,4,3,4,4,4,3,3,3,3,2
"269",1404,4,4,4,4,4,3,3,2,3,2
"270",1405,4,3,3,4,3,3,3,3,3,2
"271",1406,4,4,4,4,4,3,3,3,3,3
"272",1407,4,3,4,4,4,3,3,3,3,3
"273",1408,4,4,4,4,4,3,3,3,3,3
"274",1409,4,4,4,4,4,3,3,3,3,3
"275",1410,4,4,4,4,4,3,3,3,3,3
"277",1412,2,1,2,4,3,3,3,3,3,3
"278",1413,4,4,4,4,4,3,3,3,3,3
"280",1415,4,4,4,4,3,3,3,3,3,2
"281",1501,4,3,3,4,4,2,2,3,2,2
"283",1503,3,2,2,2,3,4,2,2,3,2
"284",1504,3,2,3,3,2,3,2,3,2,2
"287",1507,3,3,2,2,3,3,2,4,2,2
"289",1509,1,1,2,2,2,3,1,3,2,2
"290",1510,3,3,4,4,4,4,3,3,3,2
"291",1511,3,3,2,3,2,3,3,3,3,2
"292",1512,3,3,4,3,3,2,2,3,3,2
"294",1514,3,3,3,2,3,3,3,2,2,2
"295",1515,3,3,3,2,2,2,2,3,3,2
"296",1516,3,3,3,4,4,4,4,2,3,2
"297",1517,3,3,4,3,3,3,2,2,2,2
"298",1518,3,3,3,4,3,2,3,3,2,2
"299",1519,3,3,4,3,3,2,3,4,4,2
"300",1520,3,3,3,4,3,2,3,3,2,2
"301",1521,3,3,4,3,4,2,3,2,3,2
"302",1522,4,3,3,4,4,3,2,3,3,2
"303",1523,1,1,1,2,2,3,2,3,3,2
"304",1524,2,3,3,3,2,3,2,3,3,2
"305",1525,2,2,3,2,2,3,2,3,3,2
"311",1606,4,4,4,4,4,2,2,2,2,2
"316",1611,4,4,1,4,4,2,3,2,2,3
"317",1612,4,4,4,4,4,2,2,1,2,2
"318",1613,4,4,4,4,4,3,2,2,2,2
"319",1614,4,4,4,4,4,3,2,2,2,2
"320",1615,4,4,1,4,4,2,4,2,2,2
"321",1616,4,4,4,4,4,2,2,3,2,2
"322",1617,2,1,1,4,4,3,2,2,2,2
"323",1618,4,4,4,4,4,2,2,2,2,2
"324",1619,4,4,4,4,4,2,2,3,2,3
"325",1620,4,4,1,4,4,3,2,2,2,4
"326",1621,4,4,1,4,4,2,2,2,2,2
"327",1622,4,4,4,4,4,2,2,3,2,2
"328",1623,1,4,4,4,4,2,3,3,3,2
"329",1624,4,4,4,4,4,2,2,3,2,2
"332",1702,4,4,4,4,4,3,3,3,4,4
"333",1703,4,4,3,4,4,1,2,3,1,1
"334",1704,1,1,2,3,3,3,3,2,2,1
"337",1707,3,4,2,1,1,2,2,3,2,1
"339",1709,2,3,4,3,4,2,2,3,4,2
"341",1711,4,4,4,4,4,2,2,4,4,2
"345",1715,4,1,4,3,3,2,2,4,2,2
"346",1716,4,4,4,3,3,4,4,4,3,4
"347",1717,4,4,4,4,3,3,3,4,3,3
"348",1718,4,4,3,3,3,3,2,3,2,1
"350",1720,4,4,3,3,4,3,2,4,4,2
"351",1721,4,4,4,4,2,2,2,2,3,2
"352",1723,4,4,4,3,4,3,3,3,2,2
"353",1724,4,4,3,4,4,2,2,3,4,2
"354",1725,4,4,4,4,4,3,3,2,1,2
"356",1802,4,4,4,4,4,3,3,2,3,2
"358",1804,3,3,3,4,4,2,2,2,2,3
"359",1805,4,4,4,4,4,2,2,3,3,2
"361",1807,4,4,4,4,4,3,3,3,3,4
"362",1808,4,4,4,4,4,2,2,2,2,2
"363",1809,4,4,4,4,4,2,3,3,4,4
"365",1811,3,4,4,4,4,2,2,2,4,2
"366",1812,4,4,4,4,4,2,2,3,2,3
"367",1813,4,4,4,4,4,3,3,3,3,2
"368",1814,4,4,4,4,4,3,3,3,3,2
"370",1816,4,4,4,4,4,3,2,4,3,2
"371",1817,3,4,4,4,3,2,2,3,2,3
"372",1818,4,4,4,4,4,2,2,2,3,2
"373",1819,4,4,4,4,4,3,3,3,3,4
"374",1820,4,4,4,4,4,3,2,4,4,4
"375",1821,3,3,3,2,3,3,3,3,3,3
"377",1823,4,4,4,4,4,2,3,3,3,3
"378",1824,4,3,1,3,3,4,4,3,3,3
"379",1825,4,4,3,4,3,3,3,3,3,3
"380",1901,2,3,3,3,4,2,2,2,2,2
"381",1902,4,4,4,4,4,2,2,2,2,2
"382",1903,2,2,2,2,2,1,2,2,1,2
"383",1904,2,3,2,3,3,2,2,3,3,2
"384",1905,4,3,3,2,1,2,3,3,3,2
"385",1907,4,4,4,4,4,2,2,2,2,2
"387",1909,3,3,3,1,2,2,2,2,2,2
"389",1913,1,1,2,2,3,2,2,3,2,2
"390",1914,4,4,4,4,4,2,3,2,3,2
"391",1915,4,4,4,4,4,2,2,2,2,2
"392",1916,4,4,4,4,2,2,3,2,4,2
"394",1918,1,2,3,3,3,2,2,2,3,2
"396",1922,1,1,1,2,2,2,2,2,4,2
"397",1923,3,4,4,4,4,3,3,4,3,4
"398",1924,4,4,4,4,4,1,1,2,2,2
"399",1925,3,3,3,4,2,2,2,2,3,2
"402",2003,2,3,2,2,3,2,3,2,3,2
"403",2004,4,4,2,4,4,3,2,3,3,2
"404",2005,4,3,3,4,4,2,2,3,3,3
"405",2006,2,3,2,3,3,1,2,1,3,2
"406",2007,2,3,2,4,2,4,2,2,3,3
"407",2008,4,3,3,4,3,3,2,3,2,1
"408",2009,4,3,3,4,3,3,2,3,3,2
"409",2010,3,3,2,4,2,2,3,3,4,2
"410",2011,2,1,2,4,2,2,2,3,3,1
"411",2012,4,4,3,4,4,3,2,3,4,2
"412",2013,3,3,3,4,4,3,3,2,3,2
"413",2014,4,4,4,4,3,3,2,2,3,2
"416",2017,4,4,4,4,3,3,3,3,2,2
"417",2018,4,4,4,3,4,3,3,3,3,2
"418",2019,3,3,3,4,4,3,3,3,3,2
"420",2021,2,3,2,3,2,3,3,3,2,2
"422",2023,4,4,4,4,4,3,2,3,4,2
"423",2101,3,3,4,4,4,2,4,4,4,3
"424",2102,3,4,2,3,4,2,3,3,2,2
"425",2103,3,2,3,4,4,2,2,3,2,3
"426",2104,4,4,3,4,4,3,3,3,2,2
"427",2105,4,4,4,4,4,2,2,2,2,4
"428",2106,4,4,4,4,4,3,2,4,2,2
"429",2107,4,4,4,4,4,3,2,2,4,2
"430",2108,4,4,4,4,4,2,3,2,2,2
"431",2109,2,1,2,4,3,2,3,2,2,2
"432",2110,4,4,4,4,4,2,2,2,3,3
"433",2111,4,4,4,4,4,2,2,2,2,2
"434",2112,2,2,1,4,1,2,1,2,2,2
"435",2113,3,3,3,3,3,2,2,2,2,2
"436",2201,3,3,3,3,3,4,3,3,3,4
"437",2202,3,4,4,4,4,4,4,4,2,4
"438",2203,4,4,4,4,4,4,2,2,2,3
"439",2204,4,3,3,3,3,4,4,4,3,3
"440",2205,4,4,4,4,4,4,2,2,2,4
"441",2206,4,4,4,4,4,4,4,3,2,3
"442",2207,4,3,3,4,3,3,3,2,2,2
"443",2208,4,3,3,4,3,4,2,4,2,2
"444",2209,4,4,4,4,4,4,2,3,2,3
"445",2210,4,3,3,4,3,3,2,2,2,3
"446",2211,4,4,4,4,4,3,3,2,2,2
"447",2212,4,4,4,4,4,3,2,2,2,2
"448",2213,4,4,4,4,4,2,2,2,2,2
"449",2214,4,4,4,4,4,2,2,2,2,2
"451",2216,4,3,3,3,3,4,2,2,2,2
"452",2217,4,4,4,4,4,4,4,4,2,3
"453",2218,4,4,4,4,4,2,2,2,2,2
"454",2219,4,4,4,4,4,2,2,2,2,2
"455",2220,4,4,4,4,4,2,2,2,2,2
"456",2221,4,4,4,4,4,2,2,2,2,4
"457",2222,4,4,4,4,4,2,2,2,2,2
"458",2223,4,4,4,4,4,3,3,2,2,2
"459",2224,4,4,4,4,3,3,3,2,2,2
"460",2301,1,3,4,4,4,2,2,4,2,2
"461",2302,3,4,4,2,2,3,2,2,3,1
"463",2304,1,2,1,3,1,2,3,2,2,2
"464",2305,4,4,4,3,4,3,2,3,2,2
"465",2306,3,4,1,2,2,4,3,3,2,2
"466",2307,4,4,4,4,4,2,2,2,2,1
"467",2308,4,4,3,4,2,2,2,2,2,3
"468",2309,3,3,2,3,2,3,2,2,2,2
"469",2310,1,1,2,2,4,2,2,2,3,3
"470",2311,1,1,2,2,3,2,2,3,3,2
"471",2312,1,2,1,2,2,2,2,2,2,2
"472",2313,4,3,2,4,3,3,2,3,2,3
"474",2315,1,2,2,4,4,2,1,1,3,3
"475",2316,4,4,4,4,4,1,2,2,3,2
"476",2317,3,3,3,2,1,3,3,2,1,2
"479",2320,2,3,2,2,2,1,4,3,4,1
"480",2321,3,3,1,4,4,2,1,2,1,2
"481",2322,4,4,3,1,1,2,1,1,3,2
"484",2325,2,1,1,2,1,2,2,4,2,3
"485",2501,4,4,4,4,4,2,1,1,2,2
"487",2503,4,3,4,4,4,2,2,4,3,2
"490",2506,4,4,4,4,4,2,2,2,2,2
"491",2507,4,4,4,4,4,2,2,3,3,3
"492",2508,4,3,3,4,4,2,2,3,2,2
"493",2509,4,3,4,4,4,2,2,2,1,2
"494",2510,2,3,3,2,4,2,2,1,2,2
"496",2512,4,2,3,4,4,2,2,2,2,2
"497",2513,4,3,1,1,4,2,2,2,2,2
"498",2514,3,3,2,3,4,2,2,2,3,2
"500",2516,4,4,4,3,3,2,2,2,2,2
"501",2517,4,3,2,2,2,2,2,2,2,2
"503",2519,4,3,3,4,2,2,2,2,2,2
"504",2520,3,4,3,3,4,2,2,2,2,2
"505",2521,4,3,2,3,4,2,2,2,3,2
"506",2522,4,4,4,3,2,2,2,2,3,2
"508",2524,2,2,3,3,2,2,2,2,3,2
"509",2525,3,3,4,4,4,2,2,2,3,3
"510",2602,2,3,3,4,4,2,1,4,2,2
"513",2606,4,4,4,4,4,3,3,4,3,4
"514",2607,3,1,2,4,4,2,3,3,2,4
"515",2608,4,4,4,4,4,3,2,4,3,4
"516",2609,4,4,4,4,4,4,4,4,3,4
"517",2610,2,1,4,4,4,3,3,3,3,3
"518",2611,4,4,4,4,4,4,4,4,4,2
"520",2613,1,1,2,2,1,3,2,2,2,3
"522",2615,4,4,4,4,4,3,3,4,3,3
"523",2616,1,1,3,4,3,2,2,4,3,4
"524",2617,4,4,4,4,4,4,4,4,3,4
"525",2618,4,4,4,4,4,4,4,2,2,4
"526",2619,4,4,3,4,4,4,3,2,2,4
"527",2620,3,3,4,4,4,3,3,3,2,4
"528",2621,2,1,1,4,1,3,4,3,2,4
"529",2622,4,4,3,4,4,4,4,4,3,4
"530",2623,4,1,3,4,4,2,2,3,2,4
"531",2624,4,4,4,4,4,4,4,3,3,4
"532",2625,4,4,4,4,4,3,2,4,3,4
"533",2901,4,4,4,4,4,4,3,2,4,3
"534",2902,2,4,3,4,4,4,3,3,4,3
"535",2903,3,4,3,4,3,3,3,2,3,2
"536",2904,2,3,2,4,3,2,2,2,2,3
"539",2907,2,2,1,2,3,2,2,3,3,3
"540",2908,4,3,2,4,2,4,2,2,4,4
"544",2912,4,4,4,4,4,4,2,4,4,4
"545",2913,4,3,3,4,4,3,4,4,4,4
"546",2914,4,3,3,4,4,2,3,4,3,4
"549",2918,2,3,3,4,4,3,2,4,4,3
"550",2919,2,3,3,4,4,4,2,4,4,3
"551",2920,4,3,4,4,4,4,2,2,2,3
"553",2922,2,2,2,3,2,3,2,4,2,2
"554",2923,1,1,1,4,1,2,2,4,4,1
"557",3001,2,1,1,4,4,2,4,3,1,2
"559",3003,1,1,1,2,3,4,4,1,4,4
"561",3005,1,1,3,4,1,1,4,4,4,2
"562",3006,1,2,1,3,4,2,2,3,4,4
"563",3007,3,3,3,4,3,1,4,2,4,3
"564",3008,4,3,4,3,4,1,4,4,2,4
"565",3009,4,4,4,4,4,4,3,4,2,4
"566",3010,3,4,4,4,4,4,4,4,4,1
"567",3011,1,1,1,2,3,4,4,4,2,3
"568",3012,4,3,1,4,1,4,4,3,2,3
"569",3013,4,3,4,4,4,4,4,3,2,4
"571",3015,2,1,1,3,3,4,4,4,2,3
"572",3016,3,3,3,3,2,4,4,1,2,3
"573",3017,1,1,1,3,3,1,3,1,2,1
"574",3018,2,1,1,4,1,4,3,4,4,3
"575",3019,3,4,4,4,2,4,4,3,2,4
"576",3020,2,3,3,4,3,3,4,4,2,4
"577",3021,2,2,2,3,2,4,4,1,4,3
"578",3022,3,3,2,4,4,4,4,4,4,4
"579",3023,1,1,2,2,1,3,4,2,4,4
"580",3024,1,1,1,3,1,2,4,1,2,1
"581",3025,1,1,1,4,2,1,2,1,2,1
"582",3101,3,3,3,4,4,1,1,1,2,2
"583",3102,4,4,3,4,4,1,1,1,3,3
"584",3103,3,3,3,2,4,2,2,3,3,2
"585",3106,4,4,3,4,4,3,1,3,4,2
"586",3107,4,4,3,4,3,4,1,3,3,1
"587",3111,2,1,2,2,2,1,1,2,2,3
"588",3112,1,1,1,4,4,1,1,2,2,1
"589",3113,4,4,3,4,4,3,2,2,3,2
"590",3114,2,2,1,2,4,2,1,3,3,1
"591",3115,4,4,4,4,4,1,2,3,3,3
"592",3121,3,2,2,2,4,2,2,2,3,3
"593",3122,4,3,3,4,4,4,2,3,3,4
"594",3201,4,3,3,4,4,4,2,4,2,2
"595",3202,4,4,4,4,4,4,4,2,2,2
"596",3204,4,4,3,4,4,2,1,4,3,2
"597",3207,4,4,4,4,4,3,1,2,3,4
"598",3209,4,4,4,4,4,3,4,2,4,4
"599",3210,4,4,4,4,4,3,1,2,2,3
"600",3211,4,4,4,4,4,4,1,2,3,3
"602",3213,4,4,4,4,4,2,2,1,3,3
"604",3215,4,4,4,4,4,2,2,4,3,4
"605",3216,3,3,3,4,4,4,1,4,4,4
"606",3217,4,4,4,4,4,2,2,4,2,4
"607",3218,4,1,1,2,3,2,2,3,4,2
"609",3220,2,3,2,4,4,2,2,2,2,3
"611",3222,4,3,4,4,4,2,2,2,2,1
"612",3223,4,3,4,4,1,2,1,2,2,2
"613",3224,4,4,4,4,4,2,2,2,2,2
"614",3225,4,4,4,4,4,2,3,3,3,3
"615",3301,4,3,4,4,4,2,3,3,2,2
"616",3303,4,4,4,4,3,2,2,3,3,2
"617",3305,4,4,3,4,4,1,2,1,2,2
"618",3309,4,4,4,4,3,2,3,2,2,2
"619",3310,4,4,4,2,1,1,2,2,2,2
"620",3311,4,4,4,4,2,2,2,3,2,2
"622",3314,4,4,3,4,4,1,2,2,2,2
"623",3316,4,4,3,4,4,2,3,3,2,2
"624",3317,4,4,4,4,4,2,2,3,2,2
"625",3318,4,4,4,4,4,2,2,2,3,2
"627",3321,4,4,3,4,3,2,2,1,3,2
"628",3323,4,4,4,4,4,1,2,2,3,2
"631",3501,3,3,2,4,3,4,4,3,4,3
"632",3502,3,3,3,3,3,2,2,2,2,1
"633",3503,1,3,1,3,2,3,2,2,2,2
"634",3504,3,3,4,4,4,1,1,4,3,2
"635",3505,4,4,4,4,4,2,2,2,3,2
"636",3506,4,3,3,4,4,3,3,3,3,2
"637",3507,4,3,3,4,4,2,3,3,3,2
"638",3508,3,3,4,4,4,2,2,3,3,1
"641",3511,4,3,3,4,4,2,1,3,4,2
"644",3515,4,3,4,4,4,4,4,4,3,4
"645",3516,4,3,4,4,3,2,3,2,2,4
"646",3517,4,3,4,4,3,2,2,2,3,2
"647",3518,3,3,2,4,4,2,2,3,2,2
"648",3519,3,4,3,4,4,4,3,2,3,2
"649",3520,4,3,3,4,4,3,2,3,3,2
"650",3522,4,4,3,4,4,2,2,3,3,2
"651",3523,3,2,4,3,4,3,2,2,2,2
"652",3524,4,4,4,4,4,3,3,4,4,2
"654",3601,3,4,2,3,2,3,3,1,4,4
"655",3602,3,2,4,3,3,3,2,3,4,2
"656",3603,3,3,4,3,2,3,2,2,4,4
"657",3604,3,2,2,2,4,3,2,3,4,2
"658",3605,3,2,3,3,3,3,2,3,4,4
"659",3606,2,3,4,3,3,3,3,2,4,2
"660",3607,2,2,3,2,3,3,2,2,4,3
"661",3608,3,3,4,2,3,3,2,3,4,2
"662",3609,3,3,2,2,4,3,2,3,4,3
"663",3610,4,3,3,4,2,3,4,3,4,3
"664",3611,2,1,2,3,2,3,2,4,4,3
"665",3612,3,4,4,3,4,2,3,3,4,4
"666",3613,3,2,1,3,4,3,3,4,4,3
"667",3614,2,2,3,3,3,4,3,2,4,2
"669",3616,4,3,3,4,4,3,3,2,4,3
"670",3617,3,2,4,3,3,3,2,3,4,2
"671",3618,3,4,4,2,3,2,3,4,4,3
"672",3619,2,3,3,3,4,2,3,3,4,2
"673",3620,3,4,3,4,4,3,3,3,4,1
"674",3621,2,3,4,3,2,3,3,4,4,2
"676",3623,3,2,3,3,3,3,2,3,4,4
"677",3624,3,3,3,4,3,3,3,3,4,2
"678",3625,3,3,2,3,4,3,2,3,4,2
"689",3712,1,2,3,1,2,2,3,3,2,2
"691",3715,1,1,1,1,4,4,4,2,3,4
"692",3717,1,1,2,1,3,2,3,4,2,2
"693",3718,2,4,2,3,2,4,4,4,4,4
"695",3721,3,3,3,3,4,2,3,3,3,2
"696",3723,3,3,1,2,3,2,2,3,2,3
"700",3729,1,2,3,3,4,3,3,4,4,4
"702",3801,2,3,3,4,4,3,3,3,2,2
"703",3802,4,4,4,4,4,2,2,3,2,1
"704",3803,4,4,3,4,4,3,2,3,2,1
"705",3804,4,4,3,4,4,4,2,3,4,2
"706",3805,4,4,4,4,4,3,3,3,3,3
"707",3806,4,4,4,4,4,2,2,2,2,2
"708",3808,3,4,4,4,4,2,2,2,2,2
"709",3809,3,4,4,4,4,3,2,3,3,2
"711",3811,4,4,4,4,4,3,3,2,3,3
"712",3812,4,4,4,4,4,4,2,2,4,2
"713",3813,4,4,4,4,4,3,3,3,3,3
"714",3814,4,4,4,4,3,2,2,2,4,1
"715",3815,4,4,4,4,4,3,3,3,3,3
"716",3816,4,4,4,4,3,3,2,2,2,1
"717",3817,3,4,4,4,4,3,3,3,3,3
"718",3818,4,4,3,4,3,3,3,2,3,2
"720",3820,3,4,4,4,3,4,2,2,2,1
"721",3821,4,4,4,4,4,3,3,3,3,3
"722",3822,4,4,4,4,4,2,2,2,2,2
"723",3823,4,4,4,4,4,3,3,3,3,3
"724",3824,4,4,4,4,4,3,3,3,3,3
"725",3825,4,4,4,4,4,3,3,3,3,3
"726",3901,2,3,3,4,3,2,2,2,2,2
"728",3903,4,3,4,4,4,2,2,1,2,3
"729",3904,1,1,1,4,4,2,2,2,3,4
"730",3905,2,3,2,4,2,2,2,2,2,2
"731",3906,3,3,4,4,3,2,2,2,2,2
"732",3907,3,3,3,4,4,2,2,2,4,3
"733",3908,3,3,3,4,3,2,2,3,3,3
"734",3909,4,4,4,4,4,2,2,2,2,2
"735",3910,3,3,2,4,3,2,2,4,4,3
"736",3911,4,3,3,4,4,2,2,2,2,1
"737",3912,4,4,3,4,4,3,3,3,2,3
"739",3914,2,3,2,4,3,2,2,2,2,2
"741",3916,3,2,2,3,2,4,3,3,2,3
"742",3917,3,3,4,4,4,2,2,3,3,2
"743",3918,4,4,4,4,4,4,2,2,2,2
"744",3919,4,4,4,4,4,4,4,4,3,2
"745",3920,4,3,3,4,3,4,3,3,4,2
"746",3921,2,3,2,4,3,2,2,2,2,2
"747",3922,2,3,2,4,3,4,2,4,3,3
"748",3923,2,2,2,4,3,4,3,3,3,2
"749",3924,4,4,4,4,4,4,4,3,4,3
"750",3925,4,4,4,4,3,4,4,4,4,3
"753",4003,2,3,2,2,4,2,2,2,2,2
"755",4005,3,3,4,4,4,2,1,2,2,2
"756",4006,3,2,3,4,4,2,2,2,1,1
"757",4007,4,4,4,4,4,2,2,2,2,2
"758",4008,4,3,4,4,4,1,1,2,2,1
"760",4010,1,3,3,4,4,2,2,1,2,2
"765",4015,4,4,4,4,4,2,1,1,4,1
"766",4016,4,4,4,4,4,2,1,1,2,1
"769",4019,2,2,4,2,4,3,1,1,2,2
"770",4020,1,2,1,4,4,2,2,3,2,1
"771",4021,1,1,1,2,4,2,1,1,2,1
"772",4022,4,3,1,4,4,2,2,3,2,2
"773",4023,4,2,3,4,4,2,2,1,2,2
"777",4102,4,3,3,2,3,2,3,4,2,4
"778",4103,2,3,4,3,3,4,2,4,4,4
"779",4104,3,3,4,4,3,2,2,3,3,3
"780",4105,4,3,3,4,4,3,2,2,4,2
"781",4106,3,4,4,3,3,4,3,3,3,2
"782",4107,3,3,2,3,3,3,2,2,3,4
"783",4108,2,3,2,2,3,3,3,2,3,3
"784",4109,3,2,3,3,4,2,3,3,3,2
"785",4110,3,3,2,3,4,3,3,3,4,3
"786",4111,3,3,2,3,3,4,4,3,2,4
"787",4112,4,4,2,3,3,3,2,3,4,2
"788",4113,3,3,3,3,3,3,2,2,4,3
"789",4114,2,3,2,3,4,3,3,2,3,2
"790",4115,3,2,3,2,3,4,4,2,3,4
"791",4116,2,4,4,3,3,3,3,3,3,3
"792",4117,3,3,3,4,3,3,3,2,2,3
"793",4118,3,4,4,3,3,3,3,4,4,3
"794",4119,3,3,2,2,3,3,3,3,3,3
"795",4120,4,3,4,3,2,4,3,2,3,2
"796",4121,3,3,3,4,4,3,3,2,3,2
"797",4122,3,2,3,2,3,4,3,2,3,3
"798",4123,3,3,3,2,4,3,2,2,3,2
"799",4124,4,3,3,4,3,4,4,3,4,3
"800",4125,3,2,3,2,3,3,4,2,3,3
"802",4302,3,3,3,4,4,4,4,4,4,4
"803",4303,3,4,3,4,4,3,4,4,3,4
"804",4304,4,4,3,4,4,3,3,4,4,3
"805",4305,4,3,4,4,4,3,3,4,2,4
"806",4306,3,4,3,4,3,3,3,3,3,3
"807",4307,4,4,4,4,4,4,3,3,2,3
"808",4308,3,3,3,4,3,3,3,3,2,4
"809",4309,3,3,3,4,3,4,3,3,3,4
"810",4310,3,4,4,4,4,4,1,3,3,4
"811",4311,3,3,4,4,4,4,3,3,3,4
"812",4312,3,4,3,4,3,3,3,4,4,3
"813",4313,4,3,3,4,4,4,3,3,3,3
"814",4314,4,4,3,4,4,4,3,3,4,4
"815",4315,3,3,4,4,3,3,3,3,3,3
"816",4316,3,2,3,3,3,1,1,1,3,3
"817",4317,4,4,4,4,4,4,3,3,3,3
"818",4318,3,4,3,4,4,3,3,3,3,4
"819",4319,4,4,4,4,4,3,3,3,2,3
"821",4321,4,4,4,4,4,4,1,1,3,4
"822",4322,4,4,4,4,4,3,2,3,2,4
"824",4324,4,4,4,4,4,1,4,3,4,1
"825",4325,4,4,4,4,4,3,2,3,3,4
"826",4401,3,3,2,4,4,3,3,3,4,4
"827",4402,4,3,3,4,4,2,3,4,3,2
"828",4403,4,3,4,4,4,3,4,2,3,3
"831",4406,2,1,1,3,1,3,2,2,2,3
"834",4409,2,2,2,2,3,3,2,2,2,3
"835",4410,4,3,3,4,4,3,4,4,4,3
"837",4412,4,3,4,4,4,4,3,2,3,3
"841",4416,3,3,4,4,3,3,3,2,3,3
"842",4417,3,3,3,4,3,4,2,2,3,3
"843",4418,4,4,3,4,3,4,3,3,4,2
"845",4420,3,3,3,3,4,4,3,4,3,3
"846",4421,2,4,3,4,4,2,4,4,3,3
"848",4423,2,3,3,4,3,2,3,4,2,2
"849",4424,3,3,4,4,4,3,2,2,3,2
"850",4425,4,4,4,4,3,2,3,3,3,3
"851",4501,4,4,4,4,4,4,4,3,3,4
"852",4502,4,3,3,3,3,4,4,2,2,4
"853",4503,3,2,4,4,4,4,2,2,2,3
"854",4504,4,4,3,3,3,2,4,4,4,4
"855",4505,4,4,4,4,3,2,1,2,1,2
"856",4506,4,3,3,4,4,3,2,3,3,2
"857",4507,4,4,3,3,3,2,2,2,2,2
"858",4508,4,4,3,3,2,3,3,3,3,2
"859",4509,4,3,3,2,4,3,3,2,2,2
"860",4510,4,4,3,4,4,3,4,3,2,2
"861",4511,4,4,4,3,2,2,2,2,3,2
"863",4513,4,4,4,3,4,3,4,4,4,4
"864",4514,4,4,4,4,4,3,3,3,4,3
"865",4515,3,3,2,4,2,3,2,2,3,3
"866",4516,4,4,4,4,3,3,3,3,3,2
"868",4518,3,3,2,4,4,2,3,2,2,2
"869",4519,4,4,3,4,4,2,2,3,3,3
"870",4520,4,4,3,4,3,2,2,2,2,2
"871",4521,3,3,4,3,4,2,2,3,1,2
"875",4525,3,3,4,3,3,2,2,3,3,2
"876",4601,2,2,1,2,3,2,3,3,3,2
"877",4602,2,1,4,1,2,2,3,2,3,2
"878",4603,2,1,3,4,2,3,3,2,2,2
"879",4604,2,1,2,3,4,3,3,3,3,2
"880",4605,1,1,2,2,3,3,2,2,2,2
"881",4606,1,2,4,4,4,3,2,2,3,2
"882",4607,3,2,4,4,3,3,2,3,3,2
"883",4608,4,3,1,2,4,2,3,3,2,2
"884",4609,2,3,2,4,3,2,2,2,2,3
"885",4610,2,3,3,3,4,2,2,2,2,3
"886",4611,2,2,3,3,3,2,2,2,2,3
"887",4612,3,2,2,4,3,3,2,3,2,2
"888",4613,3,3,4,4,3,1,2,1,2,3
"889",4614,2,1,1,1,1,2,3,2,2,2
"890",4615,4,3,1,2,2,2,2,3,1,2
"891",4616,2,2,1,2,3,2,2,1,2,2
"892",4617,4,3,4,3,2,3,3,2,2,2
"893",4618,4,3,1,2,4,3,3,2,3,2
"895",4702,3,2,3,2,3,3,2,1,4,3
"896",4703,3,2,2,2,4,2,2,1,3,3
"897",4704,3,3,3,4,4,3,2,1,4,3
"898",4705,3,3,4,4,3,3,3,1,4,3
"899",4706,4,4,3,4,4,3,2,1,4,2
"900",4707,4,4,3,4,4,3,3,1,4,4
"901",4708,4,4,4,4,4,3,3,1,4,2
"902",4709,3,3,3,3,4,3,4,1,4,3
"903",4710,4,3,3,4,4,4,4,1,4,3
"904",4711,3,3,3,3,3,3,2,1,4,4
"905",4712,4,4,3,4,4,3,3,1,4,3
"906",4713,3,3,3,4,4,3,2,1,4,3
"907",4714,4,4,3,4,4,4,4,1,4,4
"908",4715,3,4,3,4,4,3,2,1,4,4
"909",4716,3,3,2,3,3,3,2,1,4,3
"910",4717,3,4,3,3,4,4,2,1,4,3
"911",4718,4,4,4,4,4,4,2,2,3,2
"912",4719,4,3,3,4,3,3,2,2,3,3
"913",4720,3,3,3,4,3,3,2,3,4,3
"914",4722,3,3,2,4,4,2,3,1,4,2
"915",4723,4,4,4,4,4,4,3,1,4,2
"916",4724,3,2,3,3,3,3,2,1,4,3
"917",4725,3,3,3,4,4,3,2,1,3,3
"919",4802,3,3,4,4,4,4,4,3,4,3
"920",4803,2,2,3,3,2,4,4,3,3,3
"921",4804,4,3,3,2,2,2,2,2,4,2
"922",4805,1,4,2,4,4,2,2,3,4,4
"926",4809,3,4,4,3,3,2,3,3,4,4
"927",4810,4,4,3,4,4,2,3,3,2,2
"928",4811,3,4,2,3,4,2,3,1,4,2
"930",4813,3,2,4,4,3,3,2,2,2,2
"931",4814,4,3,3,4,4,3,2,3,2,2
"932",4815,4,4,3,3,2,3,4,4,4,2
"933",4816,4,3,4,4,4,3,2,4,3,3
"935",4818,3,4,3,3,3,4,4,4,4,2
"936",4819,2,4,3,3,3,4,2,2,4,2
"937",4820,4,4,4,3,3,3,2,2,3,3
"938",4821,2,3,3,4,3,3,3,3,3,2
"939",4822,4,4,3,4,4,3,3,3,3,3
"940",4823,2,2,4,4,4,3,3,3,2,2
"942",4825,3,4,4,4,3,3,2,3,3,3
"944",4902,3,1,3,2,4,4,4,4,2,4
"945",4903,3,3,2,4,4,2,2,3,4,2
"946",4904,4,4,4,4,4,2,2,1,2,3
"947",4905,4,4,4,4,3,4,4,3,2,3
"948",4906,4,4,4,4,4,4,4,4,2,3
"952",4910,3,3,4,2,1,2,2,1,2,2
"954",4912,4,4,4,4,4,3,3,2,2,3
"955",4913,3,3,3,4,4,3,2,3,2,4
"956",4914,3,3,3,4,3,4,4,4,2,4
"959",4918,1,1,3,4,4,2,3,2,2,2
"961",4920,4,4,4,4,4,2,3,4,2,4
"962",5001,4,4,4,3,4,2,3,3,3,3
"963",5002,3,3,3,3,4,3,3,3,3,3
"964",5003,3,3,3,4,3,3,2,2,3,2
"965",5004,3,3,3,3,2,4,3,3,4,4
"966",5005,3,3,3,3,3,3,3,4,3,3
"967",5006,3,3,3,4,3,3,2,3,4,4
"968",5007,2,4,3,3,3,4,2,3,3,2
"969",5008,3,2,3,4,3,3,3,2,3,2
"970",5009,2,3,4,3,3,3,3,3,3,3
"972",5011,3,3,3,3,3,3,3,3,4,3
"973",5012,4,3,3,3,4,2,4,3,4,3
"974",5013,3,3,4,4,3,3,3,3,4,3
"975",5014,3,4,4,4,3,3,3,3,2,3
"976",5015,3,3,4,2,3,3,3,4,4,4
"977",5016,3,3,3,3,3,3,3,3,3,3
"978",5018,4,3,3,4,4,2,2,2,3,4
"979",5102,4,3,4,4,4,2,2,2,4,2
"980",5103,3,3,2,2,3,2,3,3,2,1
"981",5104,4,4,4,4,4,3,2,3,3,2
"982",5105,3,4,4,3,3,2,3,4,4,4
"983",5106,3,3,3,4,4,2,2,3,3,3
"984",5107,4,4,3,3,4,3,3,4,2,2
"985",5108,4,4,4,3,4,3,3,3,4,3
"986",5109,4,4,4,3,4,4,3,2,3,3
"987",5110,3,3,3,3,3,2,3,4,4,3
"988",5112,4,4,4,4,4,2,2,3,3,2
"989",5113,3,3,4,4,4,3,3,2,2,4
"990",5114,4,4,4,4,4,2,4,3,3,3
"991",5115,4,4,3,3,4,2,2,4,3,3
"992",5116,3,3,4,4,4,2,3,3,3,2
"993",5117,4,4,4,4,4,2,2,2,2,4
"995",5119,3,3,4,4,4,2,4,3,4,4
"996",5120,4,4,3,3,3,3,2,4,3,2
"997",5121,4,4,4,4,4,3,2,4,4,2
"998",5122,4,3,3,4,4,2,3,4,2,2
"999",5123,4,3,4,4,4,3,2,2,3,2
"1001",5125,3,3,4,4,4,3,2,2,4,3
"1004",5203,4,4,4,4,4,2,2,4,4,3
"1006",5205,4,4,4,4,4,3,2,4,4,3
"1007",5206,4,2,3,4,4,2,2,4,3,3
"1008",5207,4,4,4,4,3,4,2,3,4,4
"1009",5208,3,3,4,4,4,4,2,4,4,3
"1012",5211,4,3,3,4,4,2,1,4,4,4
"1016",5216,1,1,1,4,4,3,2,2,3,2
"1024",5224,4,4,3,4,3,1,4,4,4,4
"1027",5302,2,2,2,2,2,2,1,3,3,2
"1028",5303,4,3,3,3,4,2,2,3,2,2
"1030",5305,4,4,2,4,4,3,2,3,4,3
"1031",5306,4,4,4,4,4,3,2,3,2,3
"1032",5307,3,3,4,4,3,3,2,2,3,3
"1034",5309,2,3,2,4,3,3,2,3,3,2
"1035",5310,3,3,3,4,4,3,2,3,2,2
"1036",5311,4,3,3,4,3,2,2,2,3,2
"1037",5312,3,2,2,3,4,3,2,2,3,3
"1038",5313,3,3,2,4,4,3,3,2,2,2
"1039",5314,3,3,2,4,3,2,2,2,3,2
"1040",5315,3,3,2,4,4,2,2,3,3,2
"1041",5316,2,3,2,4,3,3,2,3,2,2
"1042",5317,2,3,3,4,3,2,3,2,2,2
"1043",5318,4,4,4,4,4,2,3,3,2,2
"1044",5401,3,2,3,3,2,2,2,2,2,2
"1045",5402,2,2,3,3,3,2,2,2,2,2
"1046",5403,4,3,2,3,4,2,2,2,2,2
"1047",5404,3,3,3,3,3,2,2,2,2,2
"1048",5405,2,2,2,3,3,2,1,2,2,3
"1049",5406,4,1,3,4,4,2,2,2,3,2
"1050",5407,4,4,4,4,4,2,2,2,2,2
"1051",5408,4,4,4,4,4,2,2,2,2,2
"1052",5409,1,1,1,1,2,2,2,2,2,2
"1053",5410,2,2,2,2,2,2,2,2,2,2
"1054",5411,3,3,3,3,3,2,2,2,2,2
"1055",5412,2,2,2,2,2,2,2,2,2,2
"1056",5413,4,4,4,4,4,2,2,2,2,2
"1057",5414,2,2,2,2,1,2,2,2,2,2
"1058",5415,4,4,4,4,4,2,2,2,2,2
"1059",5416,3,3,3,2,1,2,2,2,2,2
"1060",5417,3,3,3,4,4,2,1,2,2,2
"1061",5418,1,1,2,3,3,2,2,2,2,2
"1062",5419,2,1,2,3,2,2,2,2,2,2
"1063",5420,4,4,4,4,4,2,2,2,2,2
"1064",5421,1,2,3,1,1,2,3,3,3,3
"1065",5422,4,4,4,4,4,2,2,2,2,2
"1066",5423,4,4,3,2,2,2,2,2,2,2
"1067",5501,3,3,2,4,3,4,3,3,4,3
"1068",5502,3,3,4,4,4,4,3,3,4,3
"1069",5503,4,4,3,4,3,3,2,3,3,3
"1070",5504,4,4,3,4,4,3,3,3,2,3
"1071",5505,4,4,4,4,4,3,3,3,3,3
"1072",5506,4,4,3,4,3,3,3,3,3,3
"1073",5507,3,3,3,4,3,3,3,3,3,3
"1074",5508,3,4,2,4,4,3,3,3,3,3
"1075",5509,3,3,3,4,3,3,3,3,3,3
"1076",5510,1,2,2,4,2,3,3,3,3,3
"1077",5511,3,3,3,4,4,3,3,3,4,3
"1078",5512,3,3,3,4,4,4,3,4,4,3
"1079",5513,4,3,3,4,4,4,3,3,4,3
"1080",5514,3,3,3,4,3,3,3,3,3,3
"1081",5515,3,3,3,4,3,3,3,3,3,3
"1082",5516,4,4,4,4,4,3,3,3,2,3
"1083",5517,4,3,3,4,4,4,3,4,3,3
"1084",5518,2,3,1,4,2,3,2,3,3,3
"1085",5519,2,1,2,4,2,4,3,3,3,3
"1086",5520,3,3,2,4,3,3,3,3,4,4
"1087",5521,3,3,3,4,3,3,3,3,3,3
"1088",5522,4,4,3,4,4,4,3,4,3,3
"1089",5523,3,3,3,4,3,3,3,3,2,3
"1090",5601,3,4,3,4,4,2,3,3,2,3
"1091",5602,2,2,2,3,3,2,2,2,2,4
"1092",5603,3,4,3,4,4,3,2,3,3,4
"1093",5604,3,3,3,3,3,3,3,2,3,4
"1094",5605,2,1,2,4,3,4,4,3,2,4
"1095",5606,3,3,4,4,4,4,2,2,2,4
"1096",5607,1,1,1,4,3,4,2,2,4,4
"1097",5608,4,4,3,4,4,4,2,4,4,4
"1098",5609,3,3,3,3,3,4,3,3,2,4
"1099",5610,3,2,2,3,2,4,2,4,2,4
"1100",5611,3,3,3,4,4,4,3,4,4,4
"1103",5614,3,3,3,4,4,3,4,4,1,4
"1104",5615,2,2,2,4,4,3,2,2,4,3
"1105",5616,4,4,4,4,2,4,3,3,4,4
"1107",5618,3,3,3,4,4,4,3,4,3,4
"1108",5619,3,4,3,4,4,4,4,4,2,4
"1109",5620,2,3,3,4,3,4,4,4,4,4
"1110",5701,4,4,4,4,3,2,2,2,2,3
"1111",5702,1,1,2,4,1,2,2,2,2,2
"1112",5703,4,4,4,4,4,3,3,2,2,2
"1113",5704,2,2,2,3,4,2,2,4,2,2
"1115",5706,4,4,1,4,4,2,2,2,2,3
"1116",5707,4,4,4,4,4,2,2,2,2,2
"1118",5709,4,4,4,4,4,3,2,3,3,3
"1120",5711,4,4,2,4,3,3,2,3,3,2
"1121",5712,1,2,2,3,3,2,2,3,2,2
"1122",5713,4,4,4,4,4,2,2,3,3,2
"1123",5714,4,4,4,4,4,3,3,4,3,3
"1124",5715,4,4,4,2,4,2,3,3,3,2
"1125",5716,3,4,4,4,4,3,2,3,3,3
"1126",5717,3,4,1,4,4,2,2,2,2,2
"1127",5718,4,3,4,4,4,2,2,2,2,2
"1128",5719,2,4,4,4,3,3,2,2,2,2
"1129",5720,4,4,4,4,4,3,3,3,3,3
"1130",5801,4,4,4,4,3,4,4,4,3,4
"1131",5802,4,4,4,4,4,2,2,2,2,2
"1132",5803,4,4,4,4,3,3,3,3,2,3
"1133",5804,4,4,4,3,3,2,2,2,2,2
"1134",5805,4,4,4,4,4,2,2,3,3,3
"1136",5807,3,4,4,4,4,2,2,2,2,2
"1137",5808,4,4,4,4,3,2,3,2,2,2
"1139",5810,4,4,4,4,4,2,2,2,2,2
"1140",5811,4,4,4,4,4,2,2,2,2,3
"1142",5813,3,3,2,3,2,2,2,3,2,3
"1143",5814,4,4,4,4,4,2,2,2,3,3
"1144",5815,3,3,3,4,4,2,2,2,3,3
"1145",5816,4,4,4,4,3,2,2,2,2,2
"1146",5817,4,4,4,4,4,2,2,3,2,3
"1147",6001,3,3,4,4,3,3,3,3,4,4
"1149",6003,4,4,4,4,3,4,4,3,3,4
"1150",6004,4,4,3,4,4,3,2,3,3,3
"1152",6006,2,2,2,3,3,3,3,3,4,3
"1153",6007,4,3,3,4,3,3,3,3,3,3
"1154",6008,4,4,4,4,3,3,3,3,4,3
"1155",6009,3,3,4,3,3,2,2,3,3,3
"1156",6010,4,4,4,4,4,3,3,3,3,3
"1157",6011,4,4,3,4,3,3,3,3,3,3
"1158",6012,1,1,2,2,2,2,2,2,3,3
"1159",6013,4,3,3,4,3,3,3,3,4,3
"1160",6014,3,3,2,4,4,3,3,3,4,4
"1161",6015,2,3,4,4,3,3,3,3,3,3
"1162",6016,4,3,3,3,3,3,3,4,4,3
"1163",6017,3,4,3,4,4,2,3,3,4,3
"1164",6018,4,4,3,4,3,3,3,3,3,2
"1165",6019,3,3,3,3,3,2,2,2,3,3
"1166",6020,4,4,3,3,4,2,3,2,3,3
"1167",6021,3,3,3,3,4,3,3,3,3,3
"1168",6022,4,3,3,3,3,3,3,3,3,3
"1169",6023,4,4,3,4,4,3,3,3,3,3
"1170",6024,4,4,4,4,4,3,3,3,3,3
"1171",6101,3,3,3,4,3,4,2,4,2,2
"1172",6102,2,1,2,2,3,2,2,3,2,2
"1173",6103,4,4,3,4,3,2,3,2,3,4
"1174",6104,4,4,4,4,4,1,1,4,2,2
"1175",6105,4,4,3,4,4,3,4,3,3,3
"1176",6106,3,3,2,2,1,2,2,2,2,4
"1177",6107,2,1,3,4,4,1,3,3,2,2
"1178",6108,4,4,4,4,3,1,2,3,2,3
"1179",6109,3,4,4,4,4,1,3,2,2,4
"1180",6110,4,4,3,4,4,1,4,4,2,4
"1181",6111,3,4,3,4,4,1,3,3,4,4
"1182",6112,4,4,3,4,2,1,2,2,2,4
"1183",6113,3,4,3,3,3,1,2,2,2,4
"1184",6114,3,3,3,4,3,1,2,2,2,3
"1185",6115,4,3,3,3,4,1,4,3,3,4
"1186",6116,4,4,4,4,4,1,3,2,2,4
"1187",6117,3,3,3,4,3,1,1,2,2,4
"1188",6118,4,4,4,4,4,1,2,2,2,4
"1189",6119,3,4,4,4,4,1,2,2,2,4
"1190",6120,3,3,3,4,4,1,4,2,2,4
"1193",6123,4,4,2,3,2,1,2,2,2,4
"1194",6124,3,3,3,3,3,1,3,3,2,4
"1195",6125,3,4,4,4,3,1,1,2,2,4
"1196",6201,2,2,2,2,1,2,2,2,2,2
"1197",6202,2,4,2,1,2,2,2,2,2,4
"1198",6204,1,2,3,3,3,4,3,2,4,4
"1199",6205,1,3,2,2,3,2,2,4,4,2
"1201",6207,2,3,1,2,3,2,3,1,3,3
"1202",6208,2,2,3,2,1,1,4,4,4,4
"1203",6209,1,1,1,2,3,2,2,4,2,4
"1204",6210,2,3,3,2,3,4,4,4,2,4
"1205",6211,2,3,2,2,3,1,4,3,4,3
"1206",6212,2,2,3,1,2,2,2,4,4,4
"1207",6213,4,3,4,4,3,4,4,4,4,4
"1208",6214,2,2,1,3,1,4,4,2,2,2
"1210",6216,1,4,2,3,2,2,2,4,2,4
"1211",6217,4,3,4,4,3,2,3,4,4,3
"1212",6218,2,3,1,4,2,2,3,4,2,3
"1213",6219,1,2,2,1,2,2,2,3,2,4
"1214",6220,3,4,2,3,3,2,2,2,3,4
"1215",6221,2,2,2,3,3,1,1,4,4,4
"1216",6222,1,3,2,4,2,4,1,2,2,2
"1217",6223,4,1,3,2,3,4,2,4,4,4
"1218",6224,2,3,1,2,2,4,2,4,4,4
"1219",6225,2,2,2,2,3,2,2,4,4,4
"1220",6301,2,3,3,4,4,4,4,4,3,4
"1221",6302,3,3,4,4,4,4,2,3,3,2
"1222",6303,4,3,4,4,4,2,2,4,3,2
"1223",6304,4,3,4,4,4,2,3,4,2,1
"1225",6306,3,3,3,4,4,4,1,4,4,4
"1226",6307,4,3,3,4,4,3,3,3,4,3
"1227",6308,2,4,3,4,4,3,3,4,4,4
"1228",6309,4,3,4,4,4,4,4,4,4,4
"1229",6310,3,4,3,4,4,4,4,3,4,4
"1230",6311,2,3,4,4,3,4,4,4,4,2
"1231",6312,4,3,4,4,4,2,2,3,2,3
"1232",6313,3,3,3,4,3,2,2,2,2,4
"1233",6314,2,3,3,4,3,1,1,4,4,4
"1234",6315,2,3,3,4,4,2,2,4,2,1
"1235",6316,3,3,4,4,4,4,4,2,2,2
"1236",6317,4,4,4,4,4,4,4,2,2,4
"1237",6318,2,3,1,4,4,3,3,4,3,4
"1238",6319,4,4,4,4,4,2,2,4,4,2
"1239",6320,3,3,3,4,4,2,2,4,3,4
"1240",6321,3,3,4,4,4,3,3,4,2,4
"1241",6322,3,3,3,4,4,2,2,4,3,4
"1242",6323,2,3,3,4,4,3,3,4,4,3
"1243",6324,4,3,3,4,4,4,4,4,3,4
"1244",6325,4,3,3,4,4,2,2,4,2,2
"1245",6401,3,2,1,3,4,2,2,1,2,2
"1246",6402,1,2,3,1,2,2,1,1,2,1
"1247",6403,4,4,4,4,4,3,4,3,3,2
"1248",6404,1,1,2,3,2,4,4,2,2,2
"1249",6405,3,3,4,4,4,2,2,3,3,3
"1250",6406,4,4,3,1,2,2,3,4,3,2
"1251",6407,3,4,4,1,2,2,2,3,3,2
"1252",6408,4,2,3,1,4,2,2,2,3,2
"1253",6409,2,2,2,2,3,2,2,2,3,3
"1254",6410,1,2,2,3,3,3,3,3,3,2
"1255",6411,1,2,2,4,4,3,3,3,3,3
"1256",6412,3,4,2,3,2,4,3,4,3,3
"1258",6501,2,2,2,2,3,3,3,3,3,3
"1259",6502,3,3,4,4,3,3,3,4,3,3
"1260",6503,2,2,3,3,2,2,2,3,2,2
"1262",6505,3,3,3,4,4,4,3,3,3,2
"1263",6506,2,2,2,4,3,3,2,3,2,2
"1264",6507,3,3,3,4,4,2,2,3,3,2
"1265",6508,2,3,3,4,2,3,2,3,3,2
"1266",6510,4,3,3,4,3,3,3,3,3,3
"1267",6511,3,4,3,4,3,3,3,3,3,2
"1269",6513,1,1,2,4,1,3,3,3,3,3
"1271",6516,2,3,3,4,3,3,2,3,3,2
"1274",6519,2,2,2,4,2,2,2,3,3,2
"1275",6520,1,2,2,4,4,3,3,3,3,2
"1276",6521,3,2,2,4,3,3,2,3,3,3
"1277",6524,2,2,3,4,4,3,2,3,4,3
"1278",6601,3,4,4,3,4,2,2,2,2,3
"1279",6602,3,4,3,3,3,2,2,2,3,3
"1280",6603,4,3,4,4,3,1,2,2,4,4
"1281",6604,3,4,4,4,3,2,2,2,2,2
"1282",6605,3,3,3,4,3,3,2,2,1,3
"1283",6606,3,4,3,4,3,2,3,2,2,4
"1284",6607,2,3,2,3,3,3,2,2,1,1
"1285",6608,3,4,3,4,3,2,2,3,2,2
"1286",6609,3,3,4,3,4,4,2,2,3,4
"1287",6610,4,3,3,3,4,1,2,2,3,2
"1288",6611,3,4,3,3,4,1,1,1,2,2
"1290",6613,3,3,3,4,3,2,2,2,2,2
"1291",6614,3,3,3,3,3,2,2,2,2,4
"1293",6616,2,3,3,3,3,2,2,2,2,2
"1295",6618,3,3,3,3,3,2,2,2,2,3
"1296",6619,3,3,3,4,3,1,2,2,4,2
"1297",6620,3,3,3,4,3,2,2,3,2,2
"1298",6621,4,4,3,4,3,2,1,2,2,2
"1299",6622,3,3,3,4,3,3,2,2,2,2
"1300",6623,4,4,4,4,3,2,2,2,2,2
"1301",6701,2,3,2,3,3,2,2,3,2,2
"1303",6703,4,3,3,2,4,3,3,2,2,3
"1304",6704,4,3,3,4,4,3,3,2,3,3
"1305",6705,4,4,4,3,4,2,4,2,2,3
"1306",6707,3,3,2,3,4,3,4,4,2,3
"1307",6708,3,3,3,2,3,2,2,2,4,4
"1308",6709,2,2,2,2,3,2,2,4,4,4
"1309",6710,4,4,4,4,4,4,4,4,4,3
"1310",6711,2,2,2,2,3,3,4,3,3,4
"1311",6712,3,2,2,2,2,4,4,3,3,4
"1312",6713,2,4,3,3,4,3,4,3,3,3
"1313",6714,4,4,4,3,3,3,4,3,3,4
"1314",6715,3,4,3,4,4,2,4,2,2,1
"1315",6716,4,4,3,4,4,4,4,3,3,3
"1316",6717,2,2,3,2,3,4,4,3,3,4
"1317",6718,3,3,2,2,3,4,4,4,2,2
"1318",6719,3,4,3,3,4,4,4,4,3,3
"1319",6720,4,4,3,2,3,4,2,3,3,3
"1320",6721,2,2,2,2,2,3,4,3,2,3
"1321",6722,2,2,2,2,3,3,3,4,3,1
"1322",6723,4,4,4,4,4,3,4,3,3,3
"1323",6724,3,2,3,3,3,4,3,4,3,4
"1324",6725,2,2,2,2,2,4,3,3,1,4
"1326",6802,3,3,3,4,3,3,3,4,2,2
"1327",6803,2,1,2,3,3,2,2,3,4,2
"1328",6804,1,1,2,3,2,2,2,2,4,2
"1329",6805,4,3,3,4,3,2,2,4,3,2
"1333",6809,4,3,3,4,3,4,2,2,3,3
"1337",6817,4,3,3,4,4,2,2,3,4,3
"1338",6818,1,1,2,2,2,4,4,4,4,4
"1343",6823,4,3,3,4,3,3,2,4,4,3
"1344",6824,3,3,3,4,3,3,3,4,3,3
"1345",6825,3,3,3,4,3,3,2,4,3,2
"1346",6901,4,3,3,4,4,3,3,2,2,2
"1347",6902,3,3,2,4,3,2,2,2,2,3
"1348",6903,2,1,1,4,4,2,1,2,2,2
"1349",6904,4,4,3,4,3,4,3,4,4,1
"1350",6905,3,3,2,4,3,3,2,3,1,3
"1351",6906,3,4,3,4,3,3,2,2,2,3
"1352",6907,4,4,4,4,3,2,2,2,2,2
"1353",6908,4,4,4,4,4,2,3,2,2,2
"1354",6909,3,4,2,4,3,2,2,2,2,2
"1355",6910,1,1,1,2,2,2,2,2,1,2
"1356",6911,3,3,3,4,3,2,2,2,3,2
"1357",6912,4,4,4,4,4,2,2,2,1,2
"1358",6913,4,4,4,4,4,2,2,2,2,2
"1359",6914,3,3,3,4,3,2,2,2,1,2
"1360",6915,3,3,3,4,3,2,2,3,2,2
"1361",6916,3,3,3,4,3,2,1,2,1,2
"1362",6917,1,1,1,3,2,1,2,2,1,2
"1363",6918,3,3,3,4,3,3,2,3,3,3
"1364",6919,4,4,4,4,4,2,2,2,2,2
"1365",6920,3,3,3,4,3,2,1,2,1,3
"1366",6921,3,3,3,4,3,2,2,3,2,2
"1367",6923,3,3,2,4,3,2,1,2,2,2
"1368",6924,3,3,4,4,4,2,1,2,2,2
"1369",6925,3,3,3,4,3,2,3,2,2,1
"1370",7001,4,4,3,3,3,4,2,4,2,4
"1371",7002,4,4,4,4,4,2,2,1,4,4
"1372",7003,1,1,1,1,1,4,4,4,4,4
"1373",7004,4,4,4,4,4,4,2,4,2,4
"1374",7005,4,4,4,4,4,4,4,4,2,4
"1375",7006,4,4,4,4,4,4,4,4,4,4
"1376",7007,4,4,4,4,4,2,3,4,4,3
"1377",7008,2,3,2,4,4,2,2,4,3,3
"1378",7009,4,4,4,4,4,2,2,4,4,4
"1379",7010,4,4,4,3,4,4,4,4,4,4
"1380",7011,4,4,3,4,4,4,4,4,4,4
"1381",7012,4,4,4,4,4,2,2,4,4,3
"1382",7013,4,4,4,4,4,4,3,4,2,2
"1383",7014,2,1,1,2,4,2,2,4,4,4
"1384",7015,4,4,3,4,4,2,3,4,4,4
"1385",7016,4,4,3,4,4,3,4,4,4,4
"1386",7017,4,4,4,4,4,4,4,4,4,3
"1387",7018,4,4,3,4,4,4,4,4,2,4
"1389",7020,3,4,4,4,4,1,1,4,2,2
"1390",7021,2,3,4,4,3,4,4,4,4,4
"1391",7022,4,4,4,4,4,4,4,4,4,4
"1392",7023,4,4,4,4,4,3,2,4,2,4
"1393",7024,4,4,4,4,4,4,4,4,4,4
"1394",7025,4,4,4,4,4,4,4,4,4,4
"1395",7101,3,2,2,4,2,3,3,3,3,3
"1396",7102,4,4,3,4,4,3,3,4,4,4
"1397",7104,4,4,4,4,4,4,1,3,2,1
"1398",7105,3,1,3,4,3,3,3,2,3,3
"1399",7106,3,4,3,4,3,2,2,2,4,2
"1400",7107,4,3,2,2,3,3,3,2,3,2
"1401",7108,3,1,2,4,2,2,2,3,3,2
"1402",7109,4,4,4,4,4,2,3,3,2,2
"1403",7110,2,2,3,2,3,1,3,4,2,1
"1407",7114,3,3,2,2,2,2,3,4,2,2
"1409",7116,4,3,3,2,3,3,2,1,2,2
"1411",7118,3,3,3,4,3,1,2,2,4,2
"1412",7119,4,3,4,4,3,2,3,4,2,1
"1414",7122,3,4,3,4,3,3,3,4,4,3
"1417",7125,4,3,4,4,3,3,2,3,3,1
"1418",7201,1,2,1,1,2,3,2,3,2,3
"1419",7202,2,2,1,1,2,2,2,2,3,2
"1420",7203,1,2,3,1,2,3,2,2,2,2
"1421",7204,2,1,1,2,1,2,3,2,2,2
"1422",7205,1,3,3,1,1,3,2,2,2,2
"1423",7206,2,1,2,2,1,3,2,2,2,3
"1424",7207,1,2,2,1,4,2,2,2,3,3
"1427",7210,1,2,2,1,1,3,2,3,2,2
"1429",7212,1,1,1,1,1,2,3,3,3,3
"1430",7213,1,2,2,1,1,2,3,3,3,3
"1433",7216,1,2,1,1,1,2,3,2,3,3
"1434",7217,1,2,1,1,1,3,2,3,2,2
"1435",7218,1,2,1,1,1,3,3,2,3,2
"1437",7302,4,4,4,4,4,3,3,2,3,3
"1438",7303,3,3,3,3,3,2,2,2,2,3
"1439",7304,3,4,3,3,3,3,4,4,4,3
"1440",7305,3,3,3,3,4,2,4,4,3,3
"1441",7306,3,3,3,3,3,3,2,2,2,2
"1442",7307,3,3,3,4,4,2,2,2,2,2
"1443",7308,2,1,4,2,1,2,3,1,3,2
"1444",7309,4,1,1,3,4,2,3,2,4,3
"1446",7311,1,2,4,4,2,1,2,2,2,3
"1447",7312,2,3,3,1,4,2,3,2,2,4
"1449",7315,3,3,3,4,3,4,3,2,2,2
"1450",7316,1,2,3,4,4,2,2,4,2,2
"1452",7318,3,3,3,4,3,2,2,2,2,3
"1453",7319,4,2,1,1,2,2,2,1,3,2
"1454",7320,2,1,4,3,2,1,2,1,2,4
"1456",7322,3,3,2,4,4,3,2,2,3,3
"1457",7323,4,2,1,3,1,3,3,1,1,2
"1459",7401,3,3,4,4,4,4,1,4,4,2
"1462",7409,4,3,3,4,4,2,1,2,3,2
"1463",7410,3,4,4,4,4,3,3,2,1,3
"1464",7411,3,3,2,4,3,3,2,2,2,3
"1465",7412,4,3,3,4,3,2,3,2,2,3
"1466",7413,4,3,4,4,4,1,2,3,2,3
"1467",7414,3,3,4,4,4,2,2,2,1,3
"1469",7417,2,3,4,4,3,2,2,3,1,3
"1470",7419,3,3,2,4,3,2,3,2,3,1
"1471",7420,3,3,4,4,3,2,3,3,1,2
"1472",7421,3,3,3,4,2,2,4,4,3,3
"1473",7422,3,3,4,4,4,2,2,1,3,1
"1474",7423,3,3,4,4,4,2,3,2,3,3
"1475",7425,3,3,4,3,4,3,3,2,2,2
"1477",7502,4,4,4,4,4,3,3,3,3,3
"1478",7503,4,4,4,4,4,3,3,4,3,3
"1479",7504,2,3,2,4,4,3,4,2,4,4
"1489",7514,3,3,3,4,4,3,3,3,2,3
"1491",7516,3,2,4,2,4,2,1,2,3,2
"1492",7517,4,4,4,4,4,3,3,2,3,2
"1493",7518,4,4,4,4,4,3,4,2,3,3
"1494",7519,3,3,2,2,2,2,3,2,2,3
"1497",7523,4,4,4,4,4,4,3,3,3,4
"1502",7603,4,4,2,4,4,2,4,1,2,4
"1503",7604,4,4,4,4,4,4,3,3,2,4
"1504",7605,3,3,2,4,4,2,2,2,2,2
"1505",7606,4,4,4,4,4,4,4,3,4,4
"1507",7608,4,4,4,4,4,2,4,4,2,4
"1508",7609,4,4,4,4,3,4,2,3,3,3
"1509",7610,2,2,1,1,1,3,4,4,2,4
"1515",7616,3,4,4,4,4,2,4,1,4,3
"1516",7617,4,4,4,4,4,4,3,1,2,2
"1518",7619,4,1,2,4,4,4,4,4,4,3
"1521",7623,3,4,3,4,4,2,2,3,2,2
"1524",7701,3,3,3,4,3,2,2,2,1,2
"1525",7702,4,3,3,4,4,2,3,3,2,2
"1526",7703,3,2,2,3,4,3,3,3,4,3
"1527",7704,1,2,2,2,2,3,4,4,4,3
"1528",7705,3,3,4,4,3,4,4,4,4,4
"1529",7706,3,4,3,4,4,2,4,4,4,3
"1530",7707,3,2,3,4,3,2,3,2,2,3
"1531",7708,3,3,3,4,4,3,3,3,2,2
"1532",7709,2,2,3,3,3,2,3,3,4,3
"1534",7711,3,3,3,4,4,4,3,2,2,4
"1535",7712,3,4,3,4,4,2,2,2,3,3
"1538",7715,2,2,2,3,4,2,2,3,2,2
"1539",7716,3,3,4,4,4,2,3,2,2,2
"1540",7717,3,4,3,4,4,3,3,2,3,3
"1541",7718,3,3,3,4,3,3,4,3,3,3
"1542",7719,4,3,3,4,4,3,4,4,3,2
"1543",7720,1,1,2,3,3,2,2,2,2,2
"1544",7721,3,2,2,3,3,2,2,2,4,2
"1545",7722,2,2,3,2,4,3,2,3,2,2
"1546",7723,3,4,4,4,3,2,4,4,2,2
"1547",7724,4,4,4,4,3,4,3,4,4,3
"1548",7725,2,2,2,4,4,2,3,2,3,3
"1551",7803,2,3,4,4,4,4,3,2,3,2
"1552",7804,1,2,1,2,2,2,2,2,2,1
"1553",7805,4,4,4,4,4,4,3,2,2,3
"1554",7806,3,2,3,3,2,2,2,2,2,2
"1555",7807,4,4,4,4,2,2,1,2,2,1
"1556",7808,1,1,1,2,1,1,1,2,2,1
"1557",7809,3,3,1,4,3,2,1,1,3,1
"1558",7810,2,2,3,3,3,2,2,2,2,2
"1559",7811,4,3,3,4,3,2,1,2,1,1
"1560",7812,4,3,4,4,3,1,2,2,1,1
"1562",7814,4,4,4,4,3,1,2,1,2,1
"1563",7815,4,4,4,4,4,2,2,2,2,1
"1565",7817,4,4,4,4,4,2,2,2,2,2
"1566",7818,2,4,3,4,3,3,2,1,2,1
"1567",7819,3,2,3,3,3,1,1,2,1,1
"1571",7823,1,2,1,2,3,1,2,1,2,1
"1572",7824,3,4,4,4,4,2,2,2,1,2
"1574",7901,3,2,2,2,2,3,2,3,2,2
"1575",7902,1,2,1,3,3,3,2,2,2,2
"1576",7903,3,2,1,2,2,2,2,2,2,2
"1577",7904,4,4,4,4,3,2,2,2,2,2
"1578",7905,4,4,4,4,4,2,2,2,2,2
"1579",7906,3,3,3,3,3,2,2,2,2,2
"1580",7907,4,4,4,4,4,2,2,2,2,2
"1581",7908,3,3,3,3,3,2,2,2,2,2
"1582",7909,1,1,3,2,1,2,2,2,2,2
"1583",7910,1,1,1,1,1,3,2,2,2,2
"1584",7911,3,2,2,2,1,2,3,2,2,2
"1585",7912,4,2,2,2,2,2,2,2,2,2
"1586",7913,2,1,3,3,3,2,2,2,2,2
"1587",7914,4,3,4,4,4,2,2,2,2,2
"1588",7915,2,2,1,1,1,2,2,2,2,2
"1589",7916,4,4,4,3,2,2,2,2,2,2
"1590",7917,4,4,4,4,4,2,2,2,2,2
"1591",7918,4,4,4,4,4,2,2,2,2,2
"1592",7919,2,2,1,2,2,2,2,2,2,2
"1593",7920,3,2,3,1,1,2,2,2,2,2
"1594",7921,4,4,4,4,4,2,2,3,2,2
"1595",7922,4,4,4,4,4,2,2,2,2,2
"1596",7923,3,3,3,3,3,2,2,2,2,2
"1597",7924,4,4,4,4,4,2,2,2,2,2
"1598",7925,4,4,4,4,4,2,2,2,2,2
